{"cameraMode":{"drawMode":0,"name":"Shaded","section":"Shading Mode"},"sceneLighting":true,"audioPlay":false,"sceneViewState":{"m_AlwaysRefresh":false,"showFog":true,"showSkybox":true,"showFlares":true,"showImageEffects":true,"showParticleSystems":true,"showVisualEffectGraphs":true,"m_FxEnabled":true},"in2DMode":false,"pivot":{"x":-198.60000610351563,"y":39.20000076293945,"z":-17.556987762451173},"rotation":{"x":0.1848272830247879,"y":0.006191037595272064,"z":-0.0011634740512818099,"w":0.9827567338943481},"size":42.39838409423828,"orthographic":false}