{"cameraMode":{"drawMode":0,"name":"Shaded","section":"Shading Mode"},"sceneLighting":true,"audioPlay":false,"sceneViewState":{"m_AlwaysRefresh":false,"showFog":true,"showSkybox":true,"showFlares":true,"showImageEffects":true,"showParticleSystems":true,"showVisualEffectGraphs":true,"m_FxEnabled":true},"in2DMode":false,"pivot":{"x":-211.76486206054688,"y":20.118513107299806,"z":22.15009117126465},"rotation":{"x":-0.19523762166500092,"y":-0.13137316703796388,"z":0.026406031101942064,"w":-0.9715726971626282},"size":23.56478500366211,"orthographic":false}