{"cameraMode":{"drawMode":0,"name":"Shaded","section":"Shading Mode"},"sceneLighting":true,"audioPlay":false,"sceneViewState":{"m_AlwaysRefresh":false,"showFog":true,"showSkybox":true,"showFlares":true,"showImageEffects":true,"showParticleSystems":true,"showVisualEffectGraphs":true,"m_FxEnabled":true},"in2DMode":false,"pivot":{"x":-231.90036010742188,"y":36.77787399291992,"z":-0.6651005148887634},"rotation":{"x":0.12114112079143524,"y":0.03126266598701477,"z":-0.003817221848294139,"w":0.9921355843544006},"size":35.495635986328128,"orthographic":false}