{"cameraMode":{"drawMode":0,"name":"Shaded","section":"Shading Mode"},"sceneLighting":true,"audioPlay":false,"sceneViewState":{"m_AlwaysRefresh":false,"showFog":true,"showSkybox":true,"showFlares":true,"showImageEffects":true,"showParticleSystems":true,"showVisualEffectGraphs":true,"m_FxEnabled":true},"in2DMode":false,"pivot":{"x":78.81082153320313,"y":0.6552486419677734,"z":37.57343673706055},"rotation":{"x":0.14307186007499696,"y":0.07662159204483032,"z":-0.011112941429018975,"w":0.9866851568222046},"size":41.30723190307617,"orthographic":false}