{"cameraMode":{"drawMode":0,"name":"Shaded","section":"Shading Mode"},"sceneLighting":false,"audioPlay":false,"sceneViewState":{"showFog":true,"showMaterialUpdate":false,"showSkybox":false,"showFlares":true,"showImageEffects":true,"showParticleSystems":true,"showVisualEffectGraphs":true,"m_FxEnabled":true},"in2DMode":false,"pivot":{"x":-8.176939010620118,"y":2.1457834243774416,"z":-5.9694671630859379},"rotation":{"x":0.09584996104240418,"y":-0.007465399336069822,"z":0.0007188848103396595,"w":0.9953677654266357},"size":2.481506109237671,"orthographic":false}