{"cameraMode":{"drawMode":0,"name":"Shaded","section":"Shading Mode"},"sceneLighting":true,"audioPlay":false,"sceneViewState":{"showFog":true,"showMaterialUpdate":false,"showSkybox":true,"showFlares":true,"showImageEffects":true,"showParticleSystems":true,"showVisualEffectGraphs":true,"m_FxEnabled":true},"in2DMode":false,"pivot":{"x":-5.206867694854736,"y":4.323268413543701,"z":15.569709777832032},"rotation":{"x":0.24875810742378236,"y":-0.0014528800966218114,"z":0.0003731308679562062,"w":0.9685651659965515},"size":4.5728020668029789,"orthographic":true}