{"cameraMode":{"drawMode":0,"name":"Shaded","section":"Shading Mode"},"sceneLighting":true,"audioPlay":false,"sceneViewState":{"showFog":true,"showMaterialUpdate":false,"showSkybox":true,"showFlares":true,"showImageEffects":true,"showParticleSystems":true,"showVisualEffectGraphs":true,"m_FxEnabled":true},"in2DMode":false,"pivot":{"x":-213.3046112060547,"y":17.481006622314454,"z":-25.156890869140626},"rotation":{"x":0.18749864399433137,"y":-0.2360815554857254,"z":0.04647988826036453,"w":0.9523301720619202},"size":13.599705696105957,"orthographic":true}