{"cameraMode":{"drawMode":0,"name":"Shaded","section":"Shading Mode"},"sceneLighting":true,"audioPlay":false,"sceneViewState":{"showFog":true,"showMaterialUpdate":false,"showSkybox":true,"showFlares":true,"showImageEffects":true,"showParticleSystems":true,"showVisualEffectGraphs":true,"m_FxEnabled":true},"in2DMode":false,"pivot":{"x":-8.176939010620118,"y":2.1457834243774416,"z":-5.9694671630859379},"rotation":{"x":0.1745673567056656,"y":0.019199253991246225,"z":-0.0034044990316033365,"w":0.9844523668289185},"size":7.828065395355225,"orthographic":false}