{"cameraMode":{"drawMode":0,"name":"Shaded","section":"Shading Mode"},"sceneLighting":true,"audioPlay":false,"sceneViewState":{"m_AlwaysRefresh":false,"showFog":true,"showSkybox":true,"showFlares":true,"showImageEffects":true,"showParticleSystems":true,"showVisualEffectGraphs":true,"m_FxEnabled":true},"in2DMode":false,"pivot":{"x":-211.27999877929688,"y":10.119998931884766,"z":-8.986711502075196},"rotation":{"x":0.13993188738822938,"y":-0.008911428973078728,"z":0.0012594733852893115,"w":0.99012291431427},"size":3.832251787185669,"orthographic":true}