{"cameraMode":{"drawMode":0,"name":"Shaded","section":"Shading Mode"},"sceneLighting":true,"audioPlay":false,"sceneViewState":{"m_AlwaysRefresh":false,"showFog":true,"showSkybox":true,"showFlares":true,"showImageEffects":true,"showParticleSystems":true,"showVisualEffectGraphs":true,"m_FxEnabled":true},"in2DMode":false,"pivot":{"x":-214.8234100341797,"y":15.562317848205567,"z":-50.828102111816409},"rotation":{"x":0.16641069948673249,"y":-0.18951067328453065,"z":0.032608192414045337,"w":0.9671293497085571},"size":10.202235221862793,"orthographic":true}