{"cameraMode":{"drawMode":0,"name":"Shaded","section":"Shading Mode"},"sceneLighting":true,"audioPlay":false,"sceneViewState":{"m_AlwaysRefresh":false,"showFog":true,"showSkybox":true,"showFlares":true,"showImageEffects":true,"showParticleSystems":true,"showVisualEffectGraphs":true,"m_FxEnabled":true},"in2DMode":false,"pivot":{"x":6.296716690063477,"y":19.470609664916993,"z":7.241220474243164},"rotation":{"x":-0.13445121049880982,"y":-0.08106932044029236,"z":0.011033318005502224,"w":-0.9875826835632324},"size":20.441558837890626,"orthographic":false}