{"cameraMode":{"drawMode":0,"name":"Shaded","section":"Shading Mode"},"sceneLighting":true,"audioPlay":false,"sceneViewState":{"m_AlwaysRefresh":false,"showFog":true,"showSkybox":true,"showFlares":true,"showImageEffects":true,"showParticleSystems":true,"showVisualEffectGraphs":true,"m_FxEnabled":true},"in2DMode":false,"pivot":{"x":-101.41761016845703,"y":56.920013427734378,"z":-21.171051025390626},"rotation":{"x":-0.3447491228580475,"y":0.22681178152561189,"z":-0.08623067289590836,"w":-0.9067902565002441},"size":89.99166870117188,"orthographic":false}