{"cameraMode":{"drawMode":0,"name":"Shaded","section":"Shading Mode"},"sceneLighting":true,"audioPlay":false,"sceneViewState":{"m_AlwaysRefresh":false,"showFog":true,"showSkybox":true,"showFlares":true,"showImageEffects":true,"showParticleSystems":true,"showVisualEffectGraphs":true,"m_FxEnabled":true},"in2DMode":false,"pivot":{"x":-216.15284729003907,"y":9.055829048156739,"z":-0.09446656703948975},"rotation":{"x":-0.21806146204471589,"y":0.09119140356779099,"z":-0.020469656214118005,"w":-0.971450686454773},"size":1.7732183933258057,"orthographic":false}