{"cameraMode":{"drawMode":0,"name":"Shaded","section":"Shading Mode"},"sceneLighting":false,"audioPlay":false,"sceneViewState":{"m_AlwaysRefresh":false,"showFog":true,"showSkybox":false,"showFlares":true,"showImageEffects":true,"showParticleSystems":true,"showVisualEffectGraphs":true,"m_FxEnabled":true},"in2DMode":false,"pivot":{"x":-257.29107666015627,"y":15.689997673034668,"z":-19.219999313354493},"rotation":{"x":-0.4133816957473755,"y":-0.024033278226852418,"z":0.010928497649729252,"w":-0.910209059715271},"size":21.12055206298828,"orthographic":false}