{"cameraMode":{"drawMode":0,"name":"Shaded","section":"Shading Mode"},"sceneLighting":true,"audioPlay":false,"sceneViewState":{"m_AlwaysRefresh":false,"showFog":true,"showSkybox":true,"showFlares":true,"showImageEffects":true,"showParticleSystems":true,"showVisualEffectGraphs":true,"m_FxEnabled":true},"in2DMode":false,"pivot":{"x":-257.99334716796877,"y":41.25542449951172,"z":0.6557437181472778},"rotation":{"x":0.6421621441841126,"y":-0.06642946600914002,"z":0.056009355932474139,"w":0.7616282105445862},"size":9.434341430664063,"orthographic":false}