{"cameraMode":{"drawMode":0,"name":"Shaded","section":"Shading Mode"},"sceneLighting":true,"audioPlay":false,"sceneViewState":{"m_AlwaysRefresh":false,"showFog":true,"showSkybox":true,"showFlares":true,"showImageEffects":true,"showParticleSystems":true,"showVisualEffectGraphs":true,"m_FxEnabled":true},"in2DMode":false,"pivot":{"x":-264.0791320800781,"y":47.532875061035159,"z":-18.212257385253908},"rotation":{"x":-0.19000527262687684,"y":-0.16060148179531098,"z":0.03154122084379196,"w":-0.9680866003036499},"size":7.695307731628418,"orthographic":false}