{"cameraMode":{"drawMode":0,"name":"Shaded","section":"Shading Mode"},"sceneLighting":true,"audioPlay":false,"sceneViewState":{"m_AlwaysRefresh":false,"showFog":true,"showSkybox":true,"showFlares":true,"showImageEffects":true,"showParticleSystems":true,"showVisualEffectGraphs":true,"m_FxEnabled":true},"in2DMode":false,"pivot":{"x":-155.26681518554688,"y":-255.17718505859376,"z":161.45574951171876},"rotation":{"x":0.5103456974029541,"y":0.08485449850559235,"z":-0.05068251118063927,"w":0.854285717010498},"size":175.93582153320313,"orthographic":false}