{"cameraMode":{"drawMode":0,"name":"Shaded","section":"Shading Mode"},"sceneLighting":true,"audioPlay":false,"sceneViewState":{"m_AlwaysRefresh":false,"showFog":true,"showSkybox":true,"showFlares":true,"showImageEffects":true,"showParticleSystems":true,"showVisualEffectGraphs":true,"m_FxEnabled":true},"in2DMode":false,"pivot":{"x":-271.3355407714844,"y":46.38633346557617,"z":-19.717805862426759},"rotation":{"x":-0.15265116095542909,"y":0.02875605784356594,"z":-0.004426926840096712,"w":-0.9878958463668823},"size":27.892284393310548,"orthographic":false}