{"cameraMode":{"drawMode":0,"name":"Shaded","section":"Shading Mode"},"sceneLighting":false,"audioPlay":false,"sceneViewState":{"m_AlwaysRefresh":false,"showFog":true,"showSkybox":false,"showFlares":true,"showImageEffects":true,"showParticleSystems":true,"showVisualEffectGraphs":true,"m_FxEnabled":true},"in2DMode":false,"pivot":{"x":-17.423419952392579,"y":-14.379997253417969,"z":-0.5533905029296875},"rotation":{"x":0.09765695035457611,"y":-0.0014977788086980582,"z":0.00015498527500312775,"w":0.9952419400215149},"size":137.49449157714845,"orthographic":false}