{"cameraMode":{"drawMode":0,"name":"Shaded","section":"Shading Mode"},"sceneLighting":true,"audioPlay":false,"sceneViewState":{"m_AlwaysRefresh":false,"showFog":true,"showSkybox":true,"showFlares":true,"showImageEffects":true,"showParticleSystems":true,"showVisualEffectGraphs":true,"m_FxEnabled":true},"in2DMode":false,"pivot":{"x":-182.21548461914063,"y":20.115373611450197,"z":27.76308822631836},"rotation":{"x":0.35399678349494936,"y":-0.488599568605423,"z":0.22616367042064668,"w":0.7648076415061951},"size":27.967531204223634,"orthographic":false}