{"cameraMode":{"drawMode":0,"name":"Shaded","section":"Shading Mode"},"sceneLighting":true,"audioPlay":false,"sceneViewState":{"m_AlwaysRefresh":false,"showFog":true,"showSkybox":true,"showFlares":true,"showImageEffects":true,"showParticleSystems":true,"showVisualEffectGraphs":true,"m_FxEnabled":true},"in2DMode":false,"pivot":{"x":-196.1102294921875,"y":35.03713607788086,"z":-1.3678922653198243},"rotation":{"x":0.12262928485870362,"y":-0.031256865710020068,"z":0.0038641022983938457,"w":0.9919528961181641},"size":12.198976516723633,"orthographic":true}