{"cameraMode":{"drawMode":0,"name":"Shaded","section":"Shading Mode"},"sceneLighting":true,"audioPlay":false,"sceneViewState":{"m_AlwaysRefresh":false,"showFog":true,"showSkybox":true,"showFlares":true,"showImageEffects":true,"showParticleSystems":true,"showVisualEffectGraphs":true,"m_FxEnabled":true},"in2DMode":false,"pivot":{"x":-239.25062561035157,"y":59.73131561279297,"z":-187.2579345703125},"rotation":{"x":0.20503735542297364,"y":0.17654146254062653,"z":-0.03762847185134888,"w":0.9619757533073425},"size":13.210204124450684,"orthographic":false}